app_id,session_id,version,rag,summarized,true_positives,false_positives,false_negatives,precision,recall,f1_score,reference_total,session_total
BookInfo,b60e9f0f-4483-490e-9c6f-390a27bbb85a,v1,0,0,11,0,253,1.0,0.0417,0.08,264,11
BookInfo,d82ab5a1-933c-4e84-b5ca-e6fa86fb6b0d,v3,0,0,11,0,253,1.0,0.0417,0.08,264,11
BookInfo,957b4b72-94f5-469c-8cb0-24f54b3b34c5,v3,0,1,90,0,174,1.0,0.3409,0.5085,264,90
BookInfo,57902e55-656c-4836-8b86-4c2f01935a2c,v1,1,1,138,15,126,0.902,0.5227,0.6619,264,153
BookInfo,8ef48e08-fce9-4103-86d7-7b4ef8374686,v2,1,0,11,0,253,1.0,0.0417,0.08,264,11
BookInfo,365124b4-f38e-4973-937d-a5b859503f7a,v3,1,0,51,16,213,0.7612,0.1932,0.3082,264,67
BookInfo,fc8df72f-d65f-4da3-be86-5f1c588fd059,v3,1,1,125,39,139,0.7622,0.4735,0.5841,264,164
BookInfo,ba5f49ca-5efc-4a09-a5a5-8a1a535b8410,v2,0,0,44,0,220,1.0,0.1667,0.2857,264,44
BookInfo,52e19272-35af-4ac7-b27e-a490ef4f049f,v3,0,0,115,12,149,0.9055,0.4356,0.5882,264,127
BookInfo,a8a27143-de3e-41df-a34b-1688b177fa22,v3,1,1,41,19,223,0.6833,0.1553,0.2531,264,60
BookInfo,8823a215-07fb-46ac-abd2-061642b3b393,v3,0,1,24,12,240,0.6667,0.0909,0.16,264,36
BookInfo,3a12b9ca-7d72-4662-b039-5889911297d6,v2,1,0,12,0,252,1.0,0.0455,0.087,264,12
BookInfo,19ae2c42-a887-4cdf-b63c-b092f2245578,v3,0,1,83,0,181,1.0,0.3144,0.4784,264,83
BookInfo,b1335bc7-1a51-474b-8c1a-04fcb94db5de,v1,1,1,138,120,126,0.5349,0.5227,0.5287,264,258
BookInfo,d4f57e87-4501-4ac4-819d-aae20844c456,v1,0,0,24,0,240,1.0,0.0909,0.1667,264,24
BookInfo,ab5f351c-eac4-40b9-84ff-244d1fa34cd4,v2,0,1,35,15,229,0.7,0.1326,0.2229,264,50
BookInfo,5e0b37e9-3501-4b06-aa09-9148ad24c622,v1,0,1,36,15,228,0.7059,0.1364,0.2286,264,51
BookInfo,15b3871d-31b4-49a0-8899-fbb300e76bdd,v3,1,1,22,0,242,1.0,0.0833,0.1538,264,22
BookInfo,f51700fc-2ed0-460a-aaed-440a4efe292c,v2,0,0,0,0,264,0.0,0.0,0.0,264,0
BookInfo,753f19aa-9346-49ec-8fc2-7c24bfbf4161,v1,1,1,0,0,264,0.0,0.0,0.0,264,0
eWeLink,46077fdb-e78b-40d6-9251-21448da87709,v2,0,1,90,0,0,1.0,1.0,1.0,90,90
eWeLink,33beddb8-0cf5-4862-951c-de01eadbf3f4,v3,0,0,54,16,36,0.7714,0.6,0.675,90,70
eWeLink,e5c12cfa-a28d-4d5a-8c6d-22f707327e08,v3,0,1,90,23,0,0.7965,1.0,0.8867,90,113
eWeLink,5e260f2b-10d4-4180-b26c-e0ae194cf9bf,v1,0,1,73,0,17,1.0,0.8111,0.8957,90,73
eWeLink,f284979f-cd10-4a65-8246-6395911788d5,v2,0,0,26,0,64,1.0,0.2889,0.4483,90,26
eWeLink,f04c6c90-294b-422b-adf4-dddfb5c89bc8,v2,0,1,45,28,45,0.6164,0.5,0.5521,90,73
eWeLink,e90fa3fe-b1c1-4cb9-afee-808b17a57b3d,v3,0,0,54,12,36,0.8182,0.6,0.6923,90,66
eWeLink,287b94c2-bc6b-4c1d-957c-852793177f4a,v3,0,1,68,11,22,0.8608,0.7556,0.8047,90,79
eWeLink,fd2fe7ff-8a6a-4814-a758-0d43db59232a,v1,0,0,43,0,47,1.0,0.4778,0.6466,90,43
eWeLink,7bcb02de-93a4-4bd3-835d-0ac832499122,v1,0,1,43,0,47,1.0,0.4778,0.6466,90,43
eWeLink,c92a3ee5-342c-47cd-b1eb-e4dcc887bcf1,v2,0,0,54,13,36,0.806,0.6,0.6879,90,67
eWeLink,a43093ec-bca6-4990-b101-224f5d8a8a9d,v3,0,0,54,0,36,1.0,0.6,0.75,90,54
eWeLink,8dc9b98e-f809-40c6-922a-53015d190b9e,v3,0,1,55,0,35,1.0,0.6111,0.7586,90,55
eWeLink,1ee0ee72-5e8a-427c-9ac3-696e65143552,v1,0,0,26,0,64,1.0,0.2889,0.4483,90,26
eWeLink,62f140d7-2866-4b93-8424-057d55813b3d,v3,0,1,71,30,19,0.703,0.7889,0.7435,90,101
eWeLink,9da4d067-a6fa-43ad-b1a4-c013c89b2457,v3,0,0,66,16,24,0.8049,0.7333,0.7674,90,82
eWeLink,6dfcf99e-6aed-4847-956d-5c7f8d19643d,v3,0,0,54,76,36,0.4154,0.6,0.4909,90,130
eWeLink,5aa3046c-4782-4b50-abeb-e710ec15023a,v3,0,1,49,27,41,0.6447,0.5444,0.5904,90,76
eWeLink,123abe4b-18bc-47f9-8d62-947623ed807a,v2,0,1,67,42,23,0.6147,0.7444,0.6734,90,109
eWeLink,49858700-b3b3-4d00-9dc1-8a2d224d639a,v3,0,0,66,39,24,0.6286,0.7333,0.6769,90,105
eWeLink,9060008e-c73e-4706-84bc-8a457c5422e3,v3,0,1,85,41,5,0.6746,0.9444,0.787,90,126
eWeLink,5ab28f4c-7ff6-41c4-8feb-76e8f17d0fac,v1,0,0,55,0,35,1.0,0.6111,0.7586,90,55
eWeLink,831335da-e7c7-4c4a-8b0a-559d3ce58d11,v2,0,1,79,15,11,0.8404,0.8778,0.8587,90,94
eWeLink,db9227cc-157d-468c-bbcc-63cf64c84e5a,v3,0,0,43,0,47,1.0,0.4778,0.6466,90,43
eWeLink,a38b4b23-f2c8-4a32-9e9e-02bcce25a717,v2,0,1,57,30,33,0.6552,0.6333,0.6441,90,87
eWeLink,6c70cc2e-c61d-4c7d-bc1f-69c2ae1c4511,v3,0,0,66,11,24,0.8571,0.7333,0.7904,90,77
eWeLink,50aea5ee-1fe6-4dba-be67-e3a73bf81b62,v3,0,0,54,0,36,1.0,0.6,0.75,90,54
eWeLink,a38b3378-49cc-4000-b3a0-cb4fa2559e9b,v3,0,1,45,15,45,0.75,0.5,0.6,90,60
eWeLink,65295c6e-6b52-4d82-a07f-8972e753ed4c,v1,0,0,66,36,24,0.6471,0.7333,0.6875,90,102
eWeLink,420e44ea-9de2-4608-96d8-a5b77dc50ef3,v1,0,0,66,0,24,1.0,0.7333,0.8462,90,66
eWeLink,ac198964-838c-4e3c-94b3-e11bb7f4dbf9,v2,0,0,26,0,64,1.0,0.2889,0.4483,90,26
eWeLink,6ade6047-bdd3-4f12-8474-cdf516c53bbe,v2,0,0,54,0,36,1.0,0.6,0.75,90,54
eWeLink,8a139b99-14b9-4ff4-8667-f9791908989c,v2,0,0,43,0,47,1.0,0.4778,0.6466,90,43
eWeLink,bf247a5e-2610-4cc8-bf74-7c06e8d11b94,v1,0,1,62,25,28,0.7126,0.6889,0.7006,90,87
eWeLink,e6c1d976-d9b3-4302-bfdc-d9280cc5fee4,v2,0,0,0,0,90,0.0,0.0,0.0,90,0
JetRacer,907f6926-0955-4ded-ae52-33ecc34312cc,v3,0,0,34,12,83,0.7391,0.2906,0.4172,117,46
JetRacer,b3b97dad-15a2-493e-b873-9c583b5e8dde,v2,0,1,61,43,56,0.5865,0.5214,0.552,117,104
JetRacer,07099998-4369-4433-822b-3598c12583c0,v3,0,1,34,24,83,0.5862,0.2906,0.3886,117,58
JetRacer,623ff250-7f10-4d97-874f-c404e3fdffad,v2,1,0,34,12,83,0.7391,0.2906,0.4172,117,46
JetRacer,4c2d23c0-1c5a-4af8-8309-5b497537e15b,v3,1,0,34,12,83,0.7391,0.2906,0.4172,117,46
JetRacer,51d4fc6d-2755-4204-9f4e-6715e8abad08,v3,1,1,47,88,70,0.3481,0.4017,0.373,117,135
JetRacer,e618191c-924a-46e4-baf4-63882efce1ec,v3,0,0,25,12,92,0.6757,0.2137,0.3247,117,37
JetRacer,42bf9b6f-55ab-4492-8e9c-c34c0ab0cfdd,v3,0,1,34,93,83,0.2677,0.2906,0.2787,117,127
JetRacer,67fb7c62-a432-4830-9df6-0531329695aa,v2,1,0,36,12,81,0.75,0.3077,0.4364,117,48
JetRacer,3498c198-7e5c-47ec-9e63-05d683fbd3bc,v2,1,1,38,24,79,0.6129,0.3248,0.4246,117,62
JetRacer,bd91f9f4-cd7f-4ae1-b232-5ebbdb9ebcf3,v1,0,1,52,31,65,0.6265,0.4444,0.52,117,83
JetRacer,9c19ac72-5618-4ec8-9724-4c8f1e4e7004,v3,0,0,54,12,63,0.8182,0.4615,0.5902,117,66
JetRacer,e5522491-7101-4bdb-9950-9794b6364c86,v3,0,1,52,31,65,0.6265,0.4444,0.52,117,83
JetRacer,607c3a22-1f6b-4346-b508-e28baea16ff1,v1,1,0,34,12,83,0.7391,0.2906,0.4172,117,46
JetRacer,f56bddc9-283f-46b5-b8fc-8ed8a9e0fcd6,v1,1,1,20,24,97,0.4545,0.1709,0.2484,117,44
JetRacer,fa4c1c50-ef68-4f67-ad8d-299731bc4d7d,v2,1,0,34,12,83,0.7391,0.2906,0.4172,117,46
JetRacer,e9a075b6-432b-4d1c-8377-588162356b78,v1,0,0,61,12,56,0.8356,0.5214,0.6421,117,73
JetRacer,7e305f3e-a668-462d-bc8d-0dba4c8d57af,v2,0,1,47,36,70,0.5663,0.4017,0.47,117,83
JetRacer,69b03d81-cba1-4440-a8d9-43cc02e50821,v3,0,1,34,48,83,0.4146,0.2906,0.3417,117,82
JetRacer,849c5197-e5a8-4b02-a601-bf850d183833,v1,1,0,81,12,36,0.871,0.6923,0.7714,117,93
JetRacer,e8c473d9-4b21-4e2a-b954-87548c64f3b1,v2,1,1,20,12,97,0.625,0.1709,0.2685,117,32
JetRacer,e2a87794-0e4e-4bb9-888a-221e6925e2a0,v3,1,0,81,12,36,0.871,0.6923,0.7714,117,93
JetRacer,358c5323-9c1c-4dcc-a3a7-659dd1a7cb78,v3,1,1,20,12,97,0.625,0.1709,0.2685,117,32
JetRacer,020b442e-69b6-4290-b996-9d523369fc39,v3,0,0,34,12,83,0.7391,0.2906,0.4172,117,46
JetRacer,b103b8e0-9b33-41c0-83bd-e8a04881021b,v3,0,1,47,83,70,0.3615,0.4017,0.3806,117,130
JetRacer,34a77d4b-2849-4889-ba10-4c3ad43432d3,v3,1,1,47,12,70,0.7966,0.4017,0.5341,117,59
JetRacer,f3d6d30e-1a9f-4319-830d-93e0a70623fb,v1,1,0,81,21,36,0.7941,0.6923,0.7397,117,102
JetRacer,04ff0b95-4582-4806-9482-28b4198d79d6,v2,1,0,52,12,65,0.8125,0.4444,0.5746,117,64
JetRacer,a032ce6e-0c7c-4e10-90bc-daa5a973236f,v3,0,1,52,17,65,0.7536,0.4444,0.5591,117,69
JetRacer,6428bf0c-f722-47a1-80af-f1adc5fd95bd,v1,1,0,34,12,83,0.7391,0.2906,0.4172,117,46
JetRacer,286d4e2f-5221-406f-a7bc-9996e9c6d27f,v2,0,0,34,12,83,0.7391,0.2906,0.4172,117,46
JetRacer,e284869b-6339-44cd-afaa-85fd52fe115e,v3,1,0,34,12,83,0.7391,0.2906,0.4172,117,46
JetRacer,e5901e8f-e539-49f2-bf35-3f15c43be547,v3,1,0,61,19,56,0.7625,0.5214,0.6193,117,80
JetRacer,757fc745-38b8-4300-acb8-db9c44956b79,v1,1,0,34,48,83,0.4146,0.2906,0.3417,117,82
JetRacer,e5e3300e-0714-411e-9d51-536ed64f906b,v3,0,0,61,12,56,0.8356,0.5214,0.6421,117,73
JetRacer,4b459ec8-f979-4fe8-bb8d-f90cd4c47fd1,v2,0,1,34,27,83,0.5574,0.2906,0.382,117,61
JetRacer,c4f1f0ac-039d-41b2-90db-15ca7ec6cc60,v3,0,0,34,12,83,0.7391,0.2906,0.4172,117,46
JetRacer,4de56ad1-eabd-4dd4-b6f9-611895c032bc,v3,1,0,72,12,45,0.8571,0.6154,0.7164,117,84
JetRacer,42e41fb8-6300-4160-9827-66c74e964eb1,v1,0,0,34,12,83,0.7391,0.2906,0.4172,117,46
JetRacer,7530c742-a715-432d-af73-6ef4bb880228,v2,0,1,34,21,83,0.6182,0.2906,0.3953,117,55
JetRacer,379ad002-6272-4b2b-9b55-e83563651660,v2,1,1,60,40,57,0.6,0.5128,0.553,117,100
JetRacer,0c28160a-e8f5-48dc-961d-cd63805771e3,v3,1,0,34,12,83,0.7391,0.2906,0.4172,117,46
JetRacer,18222107-b598-42fe-a182-134133c35c8c,v3,1,1,65,12,52,0.8442,0.5556,0.6701,117,77
JetRacer,875eae85-f2d1-4129-8dd9-69a7bbea14a8,v3,0,1,38,25,79,0.6032,0.3248,0.4222,117,63
JetRacer,d24053c9-9798-4d81-b1a6-045e37d4635e,v2,1,1,11,12,106,0.4783,0.094,0.1571,117,23
JetRacer,207bef9d-11a5-4627-9541-d1de3cd98a80,v1,1,1,11,12,106,0.4783,0.094,0.1571,117,23
JetRacer,07595faa-6603-450f-99e0-d76f61ede17f,v3,1,0,74,12,43,0.8605,0.6325,0.7291,117,86
JetRacer,0a7a7cd7-eb8e-4a51-a372-3c5501f71905,v1,1,1,33,25,84,0.569,0.2821,0.3771,117,58
JetRacer,48b7ec2c-9fc4-4dfe-97e4-6e51ad0eaca7,v2,0,0,34,12,83,0.7391,0.2906,0.4172,117,46
JetRacer,cd3cf2e0-2dbc-4e9b-a4d4-aff40939d5c8,v2,0,1,0,0,117,0.0,0.0,0.0,117,0
JetRacer,dc9deeb5-7257-41c5-a48f-09aa1381e321,v1,1,0,0,0,117,0.0,0.0,0.0,117,0
JetRacer,9bc09ec1-f3e8-42b1-8df2-7ed6298e06b3,v1,1,1,0,0,117,0.0,0.0,0.0,117,0
Open Energy Monitor,95f128e7-10a4-4364-8298-16c6035b937e,v1,0,1,64,39,76,0.6214,0.4571,0.5267,140,103
Open Energy Monitor,8ae15d30-a4e1-422a-bd09-ea567f458145,v2,0,0,64,34,76,0.6531,0.4571,0.5378,140,98
Open Energy Monitor,32c8642a-c279-4eb4-afec-7a2b0b482d16,v2,0,1,64,13,76,0.8312,0.4571,0.5899,140,77
Open Energy Monitor,2e38d6a4-f9aa-4c65-a832-341ad96cbc1d,v3,0,0,48,0,92,1.0,0.3429,0.5106,140,48
Open Energy Monitor,0671e997-7f45-487e-8cdf-8184b3b4b676,v3,0,1,53,25,87,0.6795,0.3786,0.4862,140,78
Open Energy Monitor,574b7b2e-9941-4f14-97a9-791f25e3634e,v1,1,1,53,12,87,0.8154,0.3786,0.5171,140,65
Open Energy Monitor,e6647528-50d6-4792-9eba-35e875024d1c,v2,1,0,71,12,69,0.8554,0.5071,0.6368,140,83
Open Energy Monitor,681a634a-9548-4720-b3dc-0898afbc9e4e,v2,1,1,53,12,87,0.8154,0.3786,0.5171,140,65
Open Energy Monitor,f0cca0a9-fa82-4feb-bfa4-949d24f74e50,v3,1,0,72,0,68,1.0,0.5143,0.6792,140,72
Open Energy Monitor,081f00c5-51cf-4edc-a244-0ccae54d41d3,v3,1,1,53,12,87,0.8154,0.3786,0.5171,140,65
Open Energy Monitor,e5d31e0e-ecf6-4e87-8cf9-f32845988794,v2,0,1,44,29,96,0.6027,0.3143,0.4131,140,73
Open Energy Monitor,eaaa94a8-d4ac-4890-ba03-5b3691e6aa48,v3,0,0,38,26,102,0.5938,0.2714,0.3725,140,64
Open Energy Monitor,fed775ff-733e-435f-bf3d-6f26cb712100,v3,0,1,44,29,96,0.6027,0.3143,0.4131,140,73
Open Energy Monitor,d163e66f-9358-4637-ab62-f19ffd51de38,v1,1,0,71,0,69,1.0,0.5071,0.673,140,71
Open Energy Monitor,e0233200-d40a-4727-82ea-0dcb45498e27,v1,1,1,53,12,87,0.8154,0.3786,0.5171,140,65
Open Energy Monitor,3583406b-bc7d-42da-8f41-64acfe6b2c2f,v2,1,0,83,0,57,1.0,0.5929,0.7444,140,83
Open Energy Monitor,da8c8664-5c5c-4c4f-9493-e2cb304cc080,v3,1,0,47,12,93,0.7966,0.3357,0.4724,140,59
Open Energy Monitor,76c5c740-3ddc-4bef-9f22-628dbc815bf2,v3,1,1,65,12,75,0.8442,0.4643,0.5991,140,77
Open Energy Monitor,ab851970-a9eb-4f19-a29a-5a10936ca557,v3,1,1,64,34,76,0.6531,0.4571,0.5378,140,98
Open Energy Monitor,75e56de0-83da-4813-ae5a-a4b2b941b071,v3,0,0,53,42,87,0.5579,0.3786,0.4511,140,95
Open Energy Monitor,61819e23-9a0f-479c-9592-cd39b3f08a8e,v3,0,1,53,12,87,0.8154,0.3786,0.5171,140,65
Open Energy Monitor,a8c4001a-57d8-409d-ad2b-4feb2d1a9e24,v1,1,1,60,12,80,0.8333,0.4286,0.566,140,72
Open Energy Monitor,cbec6241-c863-436e-8c21-82bd73ac3f10,v2,1,1,60,12,80,0.8333,0.4286,0.566,140,72
Open Energy Monitor,071c8af0-55ea-469b-bad3-c3e5ddbe9b9f,v3,1,0,72,0,68,1.0,0.5143,0.6792,140,72
Open Energy Monitor,95003fcd-8bfb-4e30-b153-3482273a9497,v3,1,1,60,12,80,0.8333,0.4286,0.566,140,72
Open Energy Monitor,5d38ab90-8794-4e79-bacf-a47fc09a77e3,v3,0,1,24,12,116,0.6667,0.1714,0.2727,140,36
Open Energy Monitor,cd903187-d914-4688-91ee-4e0a0cb85ffc,v2,0,0,20,0,120,1.0,0.1429,0.25,140,20
Open Energy Monitor,3e6ba00f-666f-464d-be54-b2a95716a2e6,v1,1,0,58,24,82,0.7073,0.4143,0.5225,140,82
Open Energy Monitor,04455809-1168-4f18-be2f-f888b8dcf8d9,v3,0,1,53,45,87,0.5408,0.3786,0.4454,140,98
Open Energy Monitor,bfde1617-941f-4972-8143-a14b8af660fc,v1,0,1,61,24,79,0.7176,0.4357,0.5422,140,85
Open Energy Monitor,887a256f-fb02-4118-9f34-9a92a01185f5,v2,0,1,72,35,68,0.6729,0.5143,0.583,140,107
Open Energy Monitor,d803f541-1af6-42fd-b316-bca9e14b726e,v3,0,0,38,16,102,0.7037,0.2714,0.3918,140,54
Open Energy Monitor,bb6e1ca9-11df-48f0-9b30-2f6402628988,v3,0,0,48,0,92,1.0,0.3429,0.5106,140,48
Open Energy Monitor,60b078da-cf4d-4b44-b5a8-f009467bdfe7,v2,0,0,44,0,96,1.0,0.3143,0.4783,140,44
Open Energy Monitor,3eead83f-050f-4c04-b1d9-3d7c471c1c93,v1,0,1,46,12,94,0.7931,0.3286,0.4646,140,58
Open Energy Monitor,2e0d1a33-0946-498c-acca-88d4ff48c21d,v1,0,1,44,17,96,0.7213,0.3143,0.4378,140,61
Open Energy Monitor,cf14879b-cb2d-4512-b1d4-9ce44c20909c,v2,1,0,71,12,69,0.8554,0.5071,0.6368,140,83
Open Energy Monitor,30c82df7-a19f-48de-9715-680bafa1d44c,v1,1,1,101,36,39,0.7372,0.7214,0.7292,140,137
Open Energy Monitor,30a8f155-fb9a-4c77-9c49-4aef7f7f2361,v1,0,1,53,12,87,0.8154,0.3786,0.5171,140,65
Open Energy Monitor,73331a2a-0cf7-44d2-8979-2a9cb48d871e,v3,1,1,53,24,87,0.6883,0.3786,0.4885,140,77
Open Energy Monitor,4d7f00a0-a47f-4b45-9061-decf084edc43,v2,1,0,65,13,75,0.8333,0.4643,0.5963,140,78
Open Energy Monitor,af7540a3-e201-478f-a4b1-814c25265789,v3,1,0,60,12,80,0.8333,0.4286,0.566,140,72
Open Energy Monitor,4d36a607-4b32-4abd-a3da-9ea72cb399c4,v3,0,1,64,33,76,0.6598,0.4571,0.5401,140,97
Open Energy Monitor,95b51fdc-00bb-4538-b9d8-964f5c8fd2e6,v3,1,0,53,12,87,0.8154,0.3786,0.5171,140,65
Open Energy Monitor,168d5b32-3150-4f9b-8895-f268458168d0,v3,1,1,65,0,75,1.0,0.4643,0.6341,140,65
Open Energy Monitor,f4720968-3414-44e6-a5de-e380917c7cdf,v2,1,0,71,12,69,0.8554,0.5071,0.6368,140,83
Open Energy Monitor,146fb716-3866-4d26-b213-c11a9f9f4c4c,v3,0,1,80,79,60,0.5031,0.5714,0.5351,140,159
Open Energy Monitor,6228b68f-7947-4033-977a-9bbe1afbda25,v3,1,1,60,12,80,0.8333,0.4286,0.566,140,72
Open Energy Monitor,60118a75-ef28-45fd-8c4e-161a50be6f61,v2,1,1,40,24,100,0.625,0.2857,0.3922,140,64
Open Energy Monitor,1d6f6dfd-7c11-44e2-a1e3-feb7ae029c6d,v2,0,1,53,27,87,0.6625,0.3786,0.4818,140,80
Open Energy Monitor,e24c942e-b3aa-47f0-b9b5-99f120f6a7f6,v2,1,0,60,12,80,0.8333,0.4286,0.566,140,72
Open Energy Monitor,f0b0e57c-3308-4727-aef4-ef7de140305f,v3,0,0,44,0,96,1.0,0.3143,0.4783,140,44
Open Energy Monitor,952b5634-2f63-4b04-89f3-70c492abe59c,v3,1,1,72,12,68,0.8571,0.5143,0.6429,140,84
Open Energy Monitor,3111e3ba-1fb2-467e-8df1-1408637d9b89,v3,0,1,80,0,60,1.0,0.5714,0.7273,140,80
Open Energy Monitor,c354208b-632b-44bb-a778-fbedf7b04a73,v2,0,1,53,67,87,0.4417,0.3786,0.4077,140,120
Open Energy Monitor,abde0f1e-32c5-4028-a218-110f09a91a1b,v3,1,0,63,0,77,1.0,0.45,0.6207,140,63
Open Energy Monitor,6f6176b7-3132-47e5-b447-2e1e6b5f59dd,v3,1,0,72,0,68,1.0,0.5143,0.6792,140,72
Open Energy Monitor,10846bfa-82ba-4db8-9506-108816b28c0c,v3,0,0,53,0,87,1.0,0.3786,0.5492,140,53
Open Energy Monitor,413c8d22-3941-4771-8c1d-701cdb5bb231,v2,0,1,53,53,87,0.5,0.3786,0.4309,140,106
Open Energy Monitor,0fe3f365-086d-4ba7-9aee-cfe7d7cffa08,v3,0,1,53,55,87,0.4907,0.3786,0.4274,140,108
Open Energy Monitor,f747eef0-083a-4c48-9de5-b35808d7efd5,v1,1,0,53,12,87,0.8154,0.3786,0.5171,140,65
Open Energy Monitor,961f1e99-11a6-449e-aef9-fd1c21bc37af,v3,0,0,20,28,120,0.4167,0.1429,0.2128,140,48
Open Energy Monitor,7f9d1fb7-5b77-4d67-8bce-dfe609953623,v1,1,1,53,12,87,0.8154,0.3786,0.5171,140,65
Open Energy Monitor,36a3a515-cbda-4c83-b488-f713f62f7899,v3,1,0,83,17,57,0.83,0.5929,0.6917,140,100
Open Energy Monitor,f5aa9bee-f7e1-42fe-89bb-3c7ccd6db80b,v2,0,0,20,0,120,1.0,0.1429,0.25,140,20
Open Energy Monitor,43e94240-1178-4a0e-a2f9-500aba2096b8,v2,1,0,0,0,140,0.0,0.0,0.0,140,0
Open Energy Monitor,f9f4b025-ddfb-4406-b5d3-0e712605999d,v1,0,1,0,0,140,0.0,0.0,0.0,140,0
Open Energy Monitor,472e59fe-50ac-4423-83e8-d084426f159d,v2,1,0,0,0,140,0.0,0.0,0.0,140,0
Open Energy Monitor,e03b55f7-0bb2-4703-9934-2c53e2fd6fb2,v2,0,0,0,0,140,0.0,0.0,0.0,140,0
Open Energy Monitor,ba03867f-d7ee-48d4-9857-acfa2128247c,v1,0,1,0,0,140,0.0,0.0,0.0,140,0
Open Energy Monitor,ae35f84d-7906-40c9-93b6-4dc7c6c8df59,v3,0,0,0,0,140,0.0,0.0,0.0,140,0
Stack4Things,d562c54b-641e-4c89-aba7-000434daba34,v2,1,0,24,0,415,1.0,0.0547,0.1037,439,24
Stack4Things,f528e781-734e-47fd-8cf1-f5b9b23a8b1c,v3,1,0,38,5,401,0.8837,0.0866,0.1577,439,43
Stack4Things,059f5842-e03e-435f-b214-12964c2556cb,v1,1,1,56,13,383,0.8116,0.1276,0.2205,439,69
WordPress,34456444-d1e7-4723-87ac-3ca78ea72078,v2,0,1,38,26,79,0.5938,0.3248,0.4199,117,64
WordPress,8c69edf0-03a1-4106-ac15-47710a147d4f,v3,0,0,105,12,12,0.8974,0.8974,0.8974,117,117
WordPress,5b812e2c-11d0-446f-894f-3983b83e049d,v3,0,1,27,98,90,0.216,0.2308,0.2231,117,125
WordPress,c2972900-a26b-464d-899f-f58f590b78b2,v1,0,1,57,63,60,0.475,0.4872,0.481,117,120
WordPress,5e921750-8452-4309-8a2d-d1a77cc35a88,v2,0,0,105,12,12,0.8974,0.8974,0.8974,117,117
WordPress,51595dce-8a67-496f-ba2a-16bfa8b03c34,v2,0,1,57,63,60,0.475,0.4872,0.481,117,120
WordPress,939e2e9f-2847-4190-bb16-f7a7e3212d0a,v3,0,0,105,36,12,0.7447,0.8974,0.814,117,141
WordPress,236d23a9-cb93-4b08-b615-f3b583dc810a,v2,0,0,105,0,12,1.0,0.8974,0.9459,117,105
WordPress,92a2bf92-0e6e-4c5f-a040-831177ed895e,v2,0,1,57,12,60,0.8261,0.4872,0.6129,117,69
WordPress,3d791de6-d9ea-4701-9bc4-ddbcc487e3d4,v3,0,0,105,12,12,0.8974,0.8974,0.8974,117,117
WordPress,5f6130ab-0657-44c4-a78c-d76d73e954d4,v3,0,1,57,72,60,0.4419,0.4872,0.4634,117,129
WordPress,2e6bb1a1-5815-45ed-bdc0-86968b7a6d2d,v2,0,0,105,0,12,1.0,0.8974,0.9459,117,105
WordPress,c2e793d2-c1da-4c30-89a2-341927d1dc5e,v2,0,0,105,12,12,0.8974,0.8974,0.8974,117,117
WordPress,f242f00f-94d5-434c-96ca-1f06850222d2,v3,0,0,105,12,12,0.8974,0.8974,0.8974,117,117
WordPress,04daf06f-f800-48b9-9c59-3fae5b02a0e1,v3,0,0,105,12,12,0.8974,0.8974,0.8974,117,117
WordPress,e28d1690-b4ba-4d44-aefa-4c4003ca9924,v3,0,0,117,0,0,1.0,1.0,1.0,117,117
WordPress,37bd0bd9-1ec9-4775-8eef-b6db608b6cec,v1,0,1,36,39,81,0.48,0.3077,0.375,117,75
WordPress,8735a967-8f93-4643-b2a5-fc0d6b1d8ffc,v1,0,1,0,48,117,0.0,0.0,0.0,117,48
WordPress,6067cd2f-ea20-4ca9-ada4-2d23b8a32ca4,v2,0,1,57,63,60,0.475,0.4872,0.481,117,120
WordPress,627ce757-da68-405c-a45c-47e1f3a1f0b3,v1,0,1,105,48,12,0.6863,0.8974,0.7778,117,153
WordPress,5d8a054e-6c29-4b22-881b-521f98717b2a,v3,0,1,57,51,60,0.5278,0.4872,0.5067,117,108
WordPress,17f696b6-4a6c-4f1b-a760-0fb1f34f2faa,v3,0,1,48,63,69,0.4324,0.4103,0.4211,117,111
WordPress,9820d045-74cc-44db-9ce8-4fd5c7850626,v2,0,0,105,12,12,0.8974,0.8974,0.8974,117,117
WordPress,6793527d-37c8-4820-b5cf-2e620330bb63,v3,0,1,47,12,70,0.7966,0.4017,0.5341,117,59
WordPress,a80d0535-efb2-4f81-af77-cb4860a93a50,v3,0,1,26,63,91,0.2921,0.2222,0.2524,117,89
WordPress,52a1876f-d0a3-4b30-91ae-c67b09588cbb,v3,0,1,57,63,60,0.475,0.4872,0.481,117,120
WordPress,a38fc1d2-ce45-45f3-9bc6-12c8b7364655,v1,0,0,105,12,12,0.8974,0.8974,0.8974,117,117
WordPress,b9d7953a-9872-4fce-9d7c-4e3cb6196f76,v1,0,1,15,0,102,1.0,0.1282,0.2273,117,15
WordPress,f4b4696a-1ec2-4617-916d-054db0825c3e,v2,0,1,60,39,57,0.6061,0.5128,0.5556,117,99
WordPress,0be408e1-0ef5-4df3-bc30-9b009aeba06e,v3,0,1,24,78,93,0.2353,0.2051,0.2192,117,102
WordPress,76485891-e5fd-4630-8d6b-cd6717bfdef7,v1,0,0,105,12,12,0.8974,0.8974,0.8974,117,117
WordPress,2fbfb9b4-c25a-432c-a7c1-c76f9ac01cf8,v3,0,1,38,39,79,0.4935,0.3248,0.3918,117,77
WordPress,eb9cf520-4443-41ec-961b-01f37ac6586b,v3,0,0,105,12,12,0.8974,0.8974,0.8974,117,117
WordPress,92e3573a-5265-4d04-b28b-835b9d83c7da,v2,0,1,12,24,105,0.3333,0.1026,0.1569,117,36
WordPress,0f491ea6-8fc1-493f-b521-8ce6f9d5291a,v1,0,0,105,12,12,0.8974,0.8974,0.8974,117,117
WordPress,074be7ff-5370-4923-b1a7-b620cfc94c4f,v1,0,0,105,12,12,0.8974,0.8974,0.8974,117,117
WordPress,565df811-65f4-40cf-9e2e-5a84eb541687,v1,0,0,105,12,12,0.8974,0.8974,0.8974,117,117
WordPress,4f8d2592-efa6-4a8e-a29d-312ffaa1d19e,v2,0,0,105,0,12,1.0,0.8974,0.9459,117,105
WordPress,5a2565ef-72e8-450d-a8c9-5a711c0c35cd,v2,0,0,105,0,12,1.0,0.8974,0.9459,117,105
WordPress,cc1abf2f-b5eb-46c3-8eea-441f8e3bc587,v2,0,1,0,0,117,0.0,0.0,0.0,117,0
WordPress,2ccf27bf-8d06-4611-90bc-b9af566d83fa,v2,0,0,0,0,117,0.0,0.0,0.0,117,0
WordPress,151fcf83-f4fc-40f1-80fc-5e5fcbcd86c8,v1,0,0,0,0,117,0.0,0.0,0.0,117,0
WordPress,b071cdb1-5948-419b-86a3-961d3e099fa6,v1,0,0,0,0,117,0.0,0.0,0.0,117,0
WordPress,6080a952-9347-49ed-8931-9d4f9533541e,v2,0,0,0,0,117,0.0,0.0,0.0,117,0
WordPress,fe89b1af-8638-401e-aa19-bff14fd45df6,v1,0,0,0,0,117,0.0,0.0,0.0,117,0
WordPress,6827db40-e6d3-4db6-9802-f99d1746a0a4,v2,0,1,0,0,117,0.0,0.0,0.0,117,0
